Gene,Drug,Interaction Type,Directionality,Source,PMID,Interaction Score
"<a href=""https://dgidb.org/results?searchType=gene&searchTerms=CDH17"" target=""_blank"">CDH17</a>","<a href=""https://dgidb.org/results?searchType=drug&searchTerms=DEXAMETHASONE"" target=""_blank"">DEXAMETHASONE</a>",N/A,N/A,NCI,"<a href=""https://pubmed.ncbi.nlm.nih.gov/10760957/"" target=""_blank"">10760957</a>",0.2047207786622962
"<a href=""https://dgidb.org/results?searchType=gene&searchTerms=CDH17"" target=""_blank"">CDH17</a>","<a href=""https://dgidb.org/results?searchType=drug&searchTerms=SQUALAMINE"" target=""_blank"">SQUALAMINE</a>",N/A,N/A,NCI,"<a href=""https://pubmed.ncbi.nlm.nih.gov/11297269/"" target=""_blank"">11297269</a>",4.350316546573794
"<a href=""https://dgidb.org/results?searchType=gene&searchTerms=CDH17"" target=""_blank"">CDH17</a>","<a href=""https://dgidb.org/results?searchType=drug&searchTerms=THIAMINE"" target=""_blank"">THIAMINE</a>",N/A,N/A,GuideToPharmacology,"<a href=""https://pubmed.ncbi.nlm.nih.gov/N/A/"" target=""_blank"">N/A</a>",4.350316546573794
"<a href=""https://dgidb.org/results?searchType=gene&searchTerms=CDH17"" target=""_blank"">CDH17</a>","<a href=""https://dgidb.org/results?searchType=drug&searchTerms=RECOMBINANT%20HEPATOCYTE%20GROWTH%20FACTOR"" target=""_blank"">RECOMBINANT HEPATOCYTE GROWTH FACTOR</a>",N/A,N/A,NCI,"<a href=""https://pubmed.ncbi.nlm.nih.gov/10438566/"" target=""_blank"">10438566</a>",1.740126618629517
"<a href=""https://dgidb.org/results?searchType=gene&searchTerms=CDH17"" target=""_blank"">CDH17</a>","<a href=""https://dgidb.org/results?searchType=drug&searchTerms=CISPLATIN"" target=""_blank"">CISPLATIN</a>",N/A,N/A,NCI,"<a href=""https://pubmed.ncbi.nlm.nih.gov/10381631/"" target=""_blank"">10381631</a>",0.1183759604509876
"<a href=""https://dgidb.org/results?searchType=gene&searchTerms=CDH17"" target=""_blank"">CDH17</a>","<a href=""https://dgidb.org/results?searchType=drug&searchTerms=TCDD"" target=""_blank"">TCDD</a>",N/A,N/A,NCI,"<a href=""https://pubmed.ncbi.nlm.nih.gov/12054747/"" target=""_blank"">12054747</a>",0.696050647451807
