Gene,Drug,Interaction Type,Directionality,Source,PMID,Interaction Score
"<a href=""https://dgidb.org/results?searchType=gene&searchTerms=TNFRSF11B"" target=""_blank"">TNFRSF11B</a>","<a href=""https://dgidb.org/results?searchType=drug&searchTerms=PAMIDRONATE"" target=""_blank"">PAMIDRONATE</a>",N/A,N/A,PharmGKB,"<a href=""https://pubmed.ncbi.nlm.nih.gov/21396799/"" target=""_blank"">21396799</a>",1.355942819711312
"<a href=""https://dgidb.org/results?searchType=gene&searchTerms=TNFRSF11B"" target=""_blank"">TNFRSF11B</a>","<a href=""https://dgidb.org/results?searchType=drug&searchTerms=TESTOSTERONE"" target=""_blank"">TESTOSTERONE</a>",N/A,N/A,NCI,"<a href=""https://pubmed.ncbi.nlm.nih.gov/11932280/"" target=""_blank"">11932280</a>",0.3824454106878061
"<a href=""https://dgidb.org/results?searchType=gene&searchTerms=TNFRSF11B"" target=""_blank"">TNFRSF11B</a>","<a href=""https://dgidb.org/results?searchType=drug&searchTerms=TRAIL"" target=""_blank"">TRAIL</a>",N/A,N/A,NCI,"<a href=""https://pubmed.ncbi.nlm.nih.gov/11912131/"" target=""_blank"">11912131</a>",1.491537101682444
"<a href=""https://dgidb.org/results?searchType=gene&searchTerms=TNFRSF11B"" target=""_blank"">TNFRSF11B</a>","<a href=""https://dgidb.org/results?searchType=drug&searchTerms=ZOLEDRONIC%20ACID%20ANHYDROUS"" target=""_blank"">ZOLEDRONIC ACID ANHYDROUS</a>",N/A,N/A,PharmGKB,"<a href=""https://pubmed.ncbi.nlm.nih.gov/21396799/"" target=""_blank"">21396799</a>",0.9943580677882958
"<a href=""https://dgidb.org/results?searchType=gene&searchTerms=TNFRSF11B"" target=""_blank"">TNFRSF11B</a>","<a href=""https://dgidb.org/results?searchType=drug&searchTerms=THERAPEUTIC%20HORMONE"" target=""_blank"">THERAPEUTIC HORMONE</a>",N/A,N/A,NCI,"<a href=""https://pubmed.ncbi.nlm.nih.gov/10469275/"" target=""_blank"">10469275</a>",0.5084785573917422
"<a href=""https://dgidb.org/results?searchType=gene&searchTerms=TNFRSF11B"" target=""_blank"">TNFRSF11B</a>","<a href=""https://dgidb.org/results?searchType=drug&searchTerms=RISEDRONIC%20ACID"" target=""_blank"">RISEDRONIC ACID</a>",N/A,N/A,NCI,"<a href=""https://pubmed.ncbi.nlm.nih.gov/15777635/"" target=""_blank"">15777635</a>",2.983074203364887
"<a href=""https://dgidb.org/results?searchType=gene&searchTerms=TNFRSF11B"" target=""_blank"">TNFRSF11B</a>","<a href=""https://dgidb.org/results?searchType=drug&searchTerms=EPINEPHRINE"" target=""_blank"">EPINEPHRINE</a>",N/A,N/A,NCI,"<a href=""https://pubmed.ncbi.nlm.nih.gov/11239501/"" target=""_blank"">11239501</a>",0.3728842754206109
